,word,frequency,relative_freq
0,the,2671431,0.10435139159680659
1,of,1341462,0.05240016548218365
2,to,1113255,0.04348594758842842
3,and,987820,0.03858620778420161
4,in,810798,0.03167137747668107
5,a,571172,0.022311110802087426
6,that,523417,0.020445705816630005
7,is,435356,0.017005868555099994
8,for,359359,0.014037275053271755
9,on,290784,0.011358599587294528
10,it,255736,0.009989555216436782
11,as,254900,0.009956899398871242
12,was,246856,0.009642684809759746
13,with,228259,0.008916249116857398
14,by,210381,0.008217898989540725
15,are,206121,0.008051494943094309
16,he,205998,0.008046690319218038
17,be,199883,0.007807826294800237
18,i,199146,0.007779037613525352
19,not,195795,0.007648140909384052
20,we,190253,0.007431659401072775
21,have,185800,0.0072577163919587155
22,s,167460,0.00654131962861898
23,at,165492,0.0064644456465986645
24,this,161076,0.00629194793084576
25,from,160333,0.006262924877674472
26,has,155516,0.006074763306845273
27,you,144041,0.005626527054973764
28,his,139596,0.005452896541721576
29,said,134964,0.005271961437698149
30,will,131919,0.005153017700273422
31,state,128803,0.005031300562074588
32,they,125411,0.0048988023166411975
33,their,123686,0.004831420396425219
34,who,111971,0.004373809268697575
35,all,105315,0.0041138127116207325
36,but,99143,0.0038727221541870987
37,an,98239,0.003837410121795653
38,government,96675,0.0037763171807998325
39,which,93168,0.0036393268073520433
40,also,92186,0.003600967940307353
41,or,90117,0.003520148698030913
42,our,87574,0.003420814075938604
43,people,87518,0.003418626604905505
44,had,86594,0.003382533332859381
45,were,85627,0.0033447603955556993
46,been,81582,0.003186754675397072
47,would,81411,0.0031800750763495748
48,can,79483,0.003104763573638615
49,there,73822,0.0028836336893820038
50,do,72818,0.002844415458717168
51,its,72583,0.002835235892774701
52,other,69088,0.0026987142631197188
53,what,68963,0.002693831515277981
54,when,68625,0.002680628565113923
55,country,66276,0.0025888719676719907
56,so,65449,0.002556567707951055
57,president,63762,0.002490670143078965
58,if,63740,0.002489810779458819
59,some,62533,0.002442662966299001
60,them,60716,0.0023716873436715035
61,about,59075,0.002307586630005173
62,my,58562,0.002287547832862682
63,out,56359,0.0022014942848998993
64,no,55209,0.0021565730047559137
65,should,54511,0.002129307740807651
66,your,52711,0.00205899617188663
67,him,52113,0.0020356371062117576
68,because,51677,0.002018606081739777
69,national,51439,0.0020093093298491085
70,over,51320,0.0020046609539037747
71,up,49408,0.0019299744429165566
72,more,48080,0.001878100129845937
73,time,47521,0.0018562644814976864
74,any,47369,0.0018503270601221335
75,into,46874,0.0018309913786688527
76,her,46589,0.0018198587135896912
77,nt,45152,0.001763726644401076
78,she,45031,0.001759000144490274
79,while,44380,0.001733570793730505
80,after,42458,0.001658493662915948
81,federal,42012,0.0016410720186166286
82,new,41251,0.0016113458497561302
83,now,41109,0.0016057990482079164
84,only,40481,0.0015812681230510269
85,these,40175,0.0015693151563344531
86,governor,39405,0.0015392374296293498
87,like,38756,0.0015138862028350483
88,where,37100,0.0014491995594277092
89,me,36997,0.0014451761752061175
90,how,36130,0.0014113094361758256
91,many,34831,0.001360567920604489
92,world,33704,0.001316545066063383
93,made,33635,0.0013138497892547438
94,being,33548,0.0013104513967568945
95,those,33373,0.0013036155497784618
96,well,33371,0.001303537425812994
97,such,33350,0.0013027171241755823
98,even,33133,0.0012942406739223258
99,most,32942,0.001286779835220151
100,mr,32877,0.0012842408063424473
101,before,32818,0.0012819361493611472
102,party,32647,0.0012752565503136501
103,us,32347,0.00126353795549348
104,through,32082,0.0012531865300689964
105,than,31969,0.0012487725260200656
106,did,31343,0.001224319724828644
107,year,31093,0.0012145542291451688
108,against,30974,0.0012099058531998346
109,must,30910,0.001207405886304865
110,just,30764,0.0012017028368257155
111,public,30222,0.0011805312421839414
112,very,30220,0.0011804531182184736
113,development,30097,0.0011756484943422037
114,could,29520,0.0011531097303047431
115,make,29129,0.0011378364950557882
116,political,28947,0.0011307272141982182
117,may,28422,0.0011102196732629204
118,years,27971,0.0010926027190499314
119,oil,27957,0.0010920558512916567
120,security,27748,0.0010838918969002715
121,according,27687,0.0010815091159535036
122,general,27678,0.0010811575581088984
123,per,27522,0.00107506388880241
124,know,26752,0.0010449861620973066
125,police,26617,0.00103971279442823
126,good,26439,0.0010327597615015958
127,need,26144,0.001021236476595095
128,way,26072,0.0010184240138382543
129,day,25994,0.00101537717918501
130,last,25924,0.001012642840393637
131,under,25886,0.0010111584850497487
132,court,25698,0.0010038148322957755
133,take,25630,0.0010011586174698702
134,election,25434,0.0009935024688540258
135,bank,25291,0.000987916605323078
136,business,25275,0.0009872916135993356
137,then,25215,0.0009849478946353015
138,go,24483,0.0009563545232740864
139,members,23991,0.0009371360277690072
140,money,23843,0.00093135485432439
141,however,23780,0.0009288939494121542
142,during,23723,0.000926667416396322
143,local,23648,0.0009237377676912794
144,part,23409,0.0009144019538178771
145,power,23327,0.0009111988712336974
146,one,23316,0.0009107691894236244
147,former,23047,0.0009002615160682052
148,nation,22959,0.000896824061587622
149,still,22789,0.0008901835245228589
150,chief,22726,0.0008877226196106231
151,come,22469,0.0008776836900480107
152,company,22453,0.0008770586983242683
153,man,22442,0.0008766290165141954
154,between,22267,0.0008697931695357628
155,get,22255,0.000869324425742956
156,service,22035,0.0008607307895414979
157,states,22006,0.0008595979920422148
158,see,22003,0.0008594808060940131
159,since,21945,0.0008572152110954468
160,am,21807,0.0008518246574781685
161,why,21794,0.0008513168517026279
162,market,21325,0.0008329967818004285
163,want,21136,0.0008256140670637213
164,life,21002,0.0008203797613773787
165,without,20548,0.0008026456212161878
166,economic,20469,0.0007995597245802097
167,law,20368,0.0007956144643240857
168,god,20240,0.0007906145305341465
169,million,20172,0.0007879583157082412
170,work,20034,0.0007825677620909629
171,minister,20033,0.000782528700108229
172,high,19839,0.0007749506754578524
173,chairman,19780,0.0007726460184765522
174,cent,19577,0.0007647164359815704
175,international,19575,0.0007646383120161026
176,school,19528,0.0007628023988276093
177,called,19243,0.0007516697337484476
178,group,19172,0.0007488963329743407
179,back,19132,0.0007473338536649847
180,same,19113,0.0007465916759930405
181,support,19028,0.0007432714074606591
182,sector,19023,0.0007430760975469895
183,news,18969,0.0007409667504793589
184,office,18752,0.0007324903002261025
185,every,18704,0.0007306153250548753
186,area,18647,0.0007283887920390429
187,another,18607,0.000726826312729687
188,going,18537,0.0007240919739383138
189,education,18461,0.0007211232632505374
190,industry,18199,0.0007108890237742555
191,billion,18024,0.0007040531767958229
192,university,17985,0.0007025297594692008
193,say,17906,0.0006994438628332226
194,right,17887,0.0006987016851612785
195,place,17508,0.0006838971937051302
196,women,17475,0.0006826081482749115
197,among,17321,0.0006765926029338908
198,ensure,17261,0.0006742488839698569
199,use,17114,0.0006685067725079734
200,best,17060,0.0006663974254403428
201,economy,16960,0.0006624912271669528
202,house,16875,0.0006591709586345712
203,health,16850,0.0006581944090662237
204,children,16837,0.000657686603290683
205,both,16809,0.0006565928677741338
206,system,16641,0.0006500304546748385
207,administration,16626,0.00064944452493383
208,told,16576,0.000647491425797135
209,report,16379,0.0006397962151985566
210,much,16091,0.0006285463641711932
211,south,16080,0.0006281166823611203
212,further,15975,0.0006240151741740607
213,director,15942,0.0006227261287438421
214,media,15923,0.0006219839510718979
215,dr,15660,0.000611710649612882
216,within,15660,0.000611710649612882
217,does,15617,0.0006100309843553244
218,end,15589,0.0006089372488387751
219,number,15570,0.0006081950711668311
220,capital,15429,0.0006026873316013511
221,commission,15333,0.0005989373812588966
222,committee,15333,0.0005989373812588966
223,down,15276,0.0005967108482430643
224,financial,15232,0.0005949921210027726
225,community,15175,0.0005927655879869404
226,including,15160,0.0005921796582459318
227,road,15056,0.0005881172120416062
228,never,15019,0.0005866719186804519
229,came,14985,0.0005853438112674992
230,issue,14969,0.0005847188195437568
231,own,14933,0.0005833125881653364
232,across,14806,0.0005783517163581311
233,corruption,14799,0.0005780782824789937
234,case,14695,0.0005740158362746681
235,project,14654,0.0005724142949825781
236,think,14653,0.0005723752329998442
237,order,14608,0.0005706174437768187
238,given,14600,0.0005703049479149475
239,statement,14588,0.0005698362041221407
240,fact,14583,0.0005696408942084712
241,done,14580,0.0005695237082602695
242,long,14497,0.0005662815636933557
243,put,14494,0.000566164377745154
244,set,14455,0.000564640960418532
245,management,14295,0.0005583910431811079
246,around,14283,0.000557922299388301
247,here,14237,0.0005561254481825416
248,give,14102,0.000550852080513465
249,things,14084,0.0005501489648242549
250,home,14048,0.0005487427334458344
251,others,13924,0.0005438990475868308
252,become,13748,0.0005370241386256643
253,especially,13653,0.0005333132502659437
254,justice,13653,0.0005333132502659437
255,major,13601,0.0005312820271637809
256,act,13530,0.000528508626389674
257,nigeria,13516,0.0005279617586313994
258,meeting,13431,0.0005246414900990179
259,always,13384,0.0005228055769105246
260,used,13343,0.0005212040356184346
261,help,13333,0.0005208134157910955
262,level,13137,0.0005131572671752511
263,family,12996,0.0005076495276097711
264,information,12984,0.0005071807838169643
265,issues,12902,0.0005039777012327845
266,please,12888,0.0005034308334745098
267,team,12813,0.0005005011847694673
268,assembly,12767,0.0004987043335637079
269,off,12668,0.0004948371972730518
270,policy,12660,0.0004945247014111805
271,led,12638,0.0004936653377910347
272,leaders,12536,0.0004896810155521769
273,continue,12403,0.00048448577184856807
274,social,12390,0.00048397796607302737
275,leave,12339,0.00048198580495359845
276,agency,12298,0.0004803842636615085
277,different,12247,0.0004783921025420796
278,doing,12245,0.0004783139785766118
279,next,12214,0.0004771030571118609
280,leadership,12197,0.0004764390034053846
281,countries,12160,0.0004749937100442303
282,society,12159,0.0004749546480614964
283,various,12110,0.00047304061090753526
284,council,11938,0.00046632194987730437
285,saying,11938,0.00046632194987730437
286,pay,11905,0.00046503290444708563
287,due,11888,0.00046436885074060936
288,lot,11888,0.00046436885074060936
289,based,11863,0.0004633923011722618
290,making,11862,0.00046335323918952795
291,person,11848,0.00046280637143125334
292,military,11836,0.0004623376276384465
293,interest,11809,0.0004612829541046312
294,human,11741,0.000458626739278726
295,better,11719,0.0004577673756585801
296,old,11675,0.00045604864841828854
297,staff,11653,0.0004551892847981427
298,name,11608,0.0004534314955751172
299,call,11595,0.0004529236897995765
300,yet,11571,0.0004519862022139629
301,men,11550,0.00045116590057655095
302,believe,11523,0.00045011122704273563
303,united,11514,0.00044975966919813055
304,able,11510,0.0004496034212671949
305,free,11499,0.00044917373945712203
306,executive,11440,0.00044686908247582193
307,few,11397,0.0004451894172182642
308,therefore,11381,0.00044456442549452177
309,private,11316,0.00044202539661681824
310,point,11309,0.0004417519627376809
311,look,11302,0.00044147852885854363
312,ministry,11299,0.0004413613429103419
313,let,11265,0.0004400332354973893
314,took,11259,0.0004397988636009859
315,m,11247,0.0004393301198081791
316,foreign,11228,0.000438587942136235
317,programme,11207,0.00043776764049882307
318,services,11138,0.0004350723636901839
319,already,11126,0.0004346036198973771
320,situation,11098,0.0004335098843808279
321,too,11093,0.00043331457446715843
322,companies,11035,0.0004310489794685922
323,past,11017,0.000430345863779382
324,started,10958,0.00042804120679808185
325,again,10945,0.00042753340102254114
326,change,10923,0.00042667403740239535
327,provide,10893,0.0004255021779203783
328,re,10881,0.0004250334341275715
329,taken,10828,0.0004229631490426748
330,problem,10817,0.0004225334672326019
331,gas,10806,0.000422103785422529
332,got,10802,0.0004219475374915934
333,process,10773,0.00042081473999231025
334,noted,10716,0.0004185882069764779
335,growth,10699,0.00041792415327000164
336,technology,10603,0.00041417420292754717
337,great,10599,0.00041401795499661155
338,matter,10596,0.0004139007690484099
339,left,10590,0.00041366639715200647
340,each,10567,0.00041276797154912677
341,students,10529,0.00041128361620523855
342,several,10517,0.00041081487241243175
343,working,10501,0.00041018988068868933
344,result,10500,0.00041015081870595543
345,stated,10500,0.00041015081870595543
346,having,10480,0.0004093695790512774
347,thing,10479,0.0004093305170685435
348,known,10322,0.0004031977857793211
349,member,10318,0.00040304153784838555
350,action,10281,0.0004015962444872312
351,held,10276,0.0004014009345735617
352,went,10259,0.0004007368808670854
353,position,10236,0.0003998384552642057
354,presidential,10222,0.0003992915875059311
355,activities,10202,0.00039851034785125304
356,late,10174,0.0003974166123347039
357,land,10125,0.0003955025751807427
358,challenges,10096,0.0003943697776814596
359,following,9923,0.00038761205466849484
360,peace,9894,0.0003864792571692117
361,non,9891,0.00038636207122101
362,head,9865,0.0003853464596699286
363,far,9855,0.0003849558398425896
364,cost,9851,0.000384799591911654
365,association,9833,0.00038409647622244375
366,death,9789,0.00038237774898215217
367,days,9787,0.00038229962501668436
368,young,9746,0.00038069808372459443
369,below,9729,0.0003800340300181181
370,efforts,9710,0.000379291852346174
371,speaking,9592,0.00037468253838357377
372,civil,9568,0.0003737450507979601
373,job,9529,0.000372221633471338
374,global,9525,0.00037206538554040243
375,elections,9506,0.0003713232078684583
376,total,9460,0.0003695263566626989
377,adding,9435,0.0003685498070943514
378,current,9399,0.00036714357571593093
379,present,9399,0.00036714357571593093
380,reason,9388,0.00036671389390585804
381,account,9383,0.0003665185839921885
382,agencies,9378,0.00036632327407851904
383,rights,9372,0.0003660889021821156
384,production,9368,0.00036593265425118005
385,special,9311,0.0003637061212353477
386,leader,9275,0.0003622998898569273
387,recently,9274,0.0003622608278741934
388,away,9272,0.0003621827039087256
389,west,9241,0.00036097178244397465
390,areas,9232,0.00036062022459936957
391,banks,9203,0.00035948742710008644
392,recent,9203,0.00035948742710008644
393,though,9105,0.0003556593527921642
394,top,9101,0.0003555031048612286
395,capacity,9084,0.0003548390511547523
396,post,9063,0.0003540187495173404
397,building,9058,0.00035382343960367087
398,include,9014,0.0003521047123633792
399,force,8979,0.0003507375429676927
400,secretary,8965,0.0003501906752094181
401,event,8943,0.0003493313115892723
402,fund,8923,0.0003485500719345943
403,comment,8908,0.0003479641421935858
404,available,8901,0.0003476907083144485
405,revenue,8878,0.0003467922827115688
406,investment,8873,0.00034659697279789927
407,show,8856,0.00034593291909142294
408,officer,8855,0.0003458938571086891
409,govern,8808,0.00034405794392019574
410,paid,8778,0.0003428860844381787
411,products,8745,0.00034159703900796
412,line,8717,0.0003405033034914108
413,centre,8711,0.00034026893159500737
414,important,8707,0.0003401126836640718
415,live,8681,0.0003390970721129904
416,central,8675,0.00033886270021658697
417,board,8661,0.00033831583245831236
418,food,8657,0.0003381595845273768
419,nothing,8637,0.00033737834487269875
420,petroleum,8632,0.00033718303495902923
421,senator,8630,0.0003371049109935615
422,future,8586,0.00033538618375326983
423,coming,8562,0.00033444869616765623
424,week,8554,0.000334136200305785
425,access,8511,0.0003324565350482273
426,until,8493,0.0003317534193590171
427,region,8478,0.00033116748961800857
428,water,8469,0.0003308159317734035
429,read,8462,0.00033054249789426615
430,cases,8452,0.00033015187806692716
431,lives,8415,0.00032870658470577285
432,love,8412,0.00032858939875757113
433,workers,8389,0.00032769097315469143
434,once,8362,0.0003266362996208761
435,asked,8353,0.00032628474177627103
436,develop,8340,0.0003257769360007303
437,music,8318,0.0003249175723805845
438,democratic,8304,0.00032437070462230987
439,niger,8281,0.00032347227901943017
440,u,8262,0.0003227301013474861
441,nigerian,8243,0.00032198792367554196
442,later,8242,0.00032194886169280805
443,experience,8235,0.0003216754278136708
444,quality,8222,0.00032116762203813007
445,bring,8202,0.00032038638238345203
446,expected,8196,0.00032015201048704866
447,funds,8193,0.00032003482453884694
448,alleged,8189,0.0003198785766079113
449,resources,8186,0.0003197613906597096
450,enough,8164,0.0003189020270395638
451,decision,8160,0.0003187457791086282
452,price,8151,0.0003183942212640231
453,politics,8139,0.0003179254774712163
454,find,8115,0.0003169879898856027
455,gave,8105,0.00031659737005826366
456,body,8104,0.00031655830807552975
457,full,8093,0.00031612862626545686
458,lost,8072,0.00031530832462804497
459,found,8067,0.00031511301471437545
460,ago,8059,0.00031480051885250426
461,months,8055,0.00031464427092156864
462,face,8019,0.00031323803954314824
463,culture,8002,0.0003125739858366719
464,start,8002,0.0003125739858366719
465,period,7998,0.00031241773790573635
466,boko,7987,0.0003119880560956634
467,currently,7981,0.00031175368419926003
468,move,7979,0.0003116755602337922
469,vice,7979,0.0003116755602337922
470,youth,7972,0.0003114021263546549
471,role,7961,0.000310972444544582
472,described,7956,0.0003107771346309125
473,infrastructure,7949,0.0003105037007517752
474,increase,7944,0.0003103083908381057
475,training,7927,0.0003096443371316294
476,tell,7910,0.00030898028342515307
477,terms,7901,0.000308628725580548
478,reports,7900,0.0003085896635978141
479,really,7872,0.00030749592808126486
480,added,7868,0.00030733968015032924
481,church,7846,0.00030648031653018345
482,opportunity,7839,0.00030620688265104617
483,stakeholders,7829,0.0003058162628237071
484,haram,7812,0.00030515220911723085
485,course,7796,0.00030452721739348843
486,means,7773,0.00030362879179060873
487,union,7772,0.00030358972980787483
488,value,7763,0.0003032381719632697
489,federation,7759,0.0003030819240323341
490,history,7747,0.0003026131802395273
491,times,7709,0.00030112882489563905
492,conference,7707,0.0003010507009301713
493,stop,7697,0.00030066008110283225
494,mrs,7677,0.00029987884144815427
495,published,7675,0.00029980071748268646
496,brought,7658,0.00029913666377621013
497,plan,7652,0.00029890229187980676
498,seen,7648,0.00029874604394887114
499,candidate,7608,0.0002971835646395151
500,limited,7606,0.0002971054406740473
501,term,7575,0.00029589451920929643
502,officers,7564,0.0002954648373992235
503,rate,7533,0.0002942539159344726
504,using,7533,0.0002942539159344726
505,city,7523,0.0002938632961071336
506,something,7518,0.0002936679861934641
507,20,7498,0.00029288674653878604
508,says,7496,0.0002928086225733183
509,medical,7495,0.0002927695605905844
510,challenge,7487,0.00029245706472871315
511,became,7471,0.00029183207300497073
512,electoral,7468,0.00029171488705676907
513,month,7450,0.00029101177136755884
514,campaign,7440,0.00029062115154021985
515,less,7424,0.00028999615981647743
516,projects,7405,0.0002892539821445333
517,trade,7371,0.0002879258747315807
518,keep,7359,0.0002874571309387739
519,north,7354,0.0002872618210251044
520,towards,7353,0.00028722275904237047
521,democracy,7339,0.00028667589128409586
522,urged,7335,0.0002865196433531603
523,taking,7313,0.00028566027973301445
524,needs,7306,0.00028538684585387717
525,environment,7295,0.0002849571640438043
526,section,7291,0.00028480091611286865
527,child,7280,0.00028437123430279576
528,big,7278,0.00028429311033732795
529,rather,7275,0.00028417592438912623
530,east,7269,0.00028394155249272286
531,persons,7264,0.00028374624257905334
532,story,7262,0.00028366811861358553
533,wife,7252,0.00028327749878624654
534,return,7208,0.0002815587715459549
535,poor,7192,0.00028093377982221253
536,run,7192,0.00028093377982221253
537,war,7138,0.0002788244327545819
538,citizens,7124,0.0002782775649963073
539,governors,7119,0.00027808225508263776
540,earlier,7114,0.0002778869451689683
541,deputy,7110,0.0002777306972380327
542,commissioner,7109,0.00027769163525529877
543,explained,7086,0.0002767932096524191
544,hospital,7079,0.00027651977577328174
545,hand,7073,0.00027628540387687837
546,play,7044,0.00027515260637759524
547,source,7029,0.0002745666766365867
548,governance,7017,0.0002740979328437799
549,two,7017,0.0002740979328437799
550,primary,7002,0.0002735120031027714
551,professional,6999,0.0002733948171545697
552,open,6990,0.0002730432593099646
553,supply,6948,0.0002714026560351408
554,address,6930,0.0002706995403459306
555,care,6919,0.00027026985853585765
556,constitution,6916,0.000270152672587656
557,despite,6883,0.00026886362715743725
558,woman,6880,0.00026874644120923553
559,control,6876,0.00026859019327829997
560,schools,6871,0.00026839488336463045
561,trust,6817,0.0002662855362969998
562,fight,6810,0.00026601210241786253
563,official,6808,0.0002659339784523947
564,truth,6807,0.0002658949164696608
565,together,6745,0.000263473073540159
566,view,6743,0.0002633949495746912
567,legal,6737,0.00026316057767828777
568,create,6731,0.0002629262057818844
569,father,6712,0.00026218402810994026
570,sure,6704,0.0002618715322480691
571,youths,6700,0.00026171528431713346
572,above,6684,0.00026109029259339104
573,whole,6653,0.00025987937112864016
574,whether,6646,0.0002596059372495028
575,close,6645,0.0002595668752667689
576,delta,6632,0.0002590590694912282
577,exercise,6628,0.0002589028215602926
578,payment,6600,0.00025780908604374343
579,budget,6592,0.0002574965901818722
580,hope,6567,0.0002565200406135247
581,clear,6560,0.0002562466067343874
582,whose,6559,0.0002562075447516535
583,institutions,6557,0.0002561294207861857
584,port,6540,0.00025546536707970937
585,visit,6529,0.0002550356852696365
586,air,6514,0.00025444975552862796
587,1,6513,0.00025441069354589405
588,might,6508,0.0002542153836322246
589,possible,6507,0.0002541763216494907
590,parties,6492,0.00025359039190848216
591,shall,6473,0.00025284821423653803
592,share,6454,0.00025210603656459395
593,real,6452,0.00025202791259912614
594,performance,6448,0.0002518716646681905
595,form,6436,0.0002514029208753837
596,key,6434,0.0002513247969099159
597,leading,6401,0.0002500357514796972
598,platform,6373,0.000248942015963148
599,percent,6363,0.000248551396135809
600,amp,6351,0.00024808265234300215
601,product,6348,0.0002479654663948005
602,soon,6345,0.0002478482804465988
603,bill,6339,0.00024761390855019535
604,expressed,6336,0.0002474967226019937
605,three,6324,0.00024702797880918684
606,meet,6318,0.00024679360691278346
607,lead,6317,0.00024675454493004956
608,ever,6269,0.00024487956975882235
609,living,6261,0.0002445670738969511
610,exchange,6259,0.0002444889499314833
611,age,6257,0.00024441082596601555
612,disclosed,6257,0.00024441082596601555
613,banking,6235,0.0002435514623458697
614,officials,6226,0.00024319990450126462
615,congress,6209,0.0002425358507947883
616,huge,6192,0.000241871797088312
617,true,6181,0.0002414421152782391
618,charge,6180,0.0002414030532955052
619,bad,6178,0.00024132492933003739
620,self,6164,0.00024077806157176278
621,anything,6155,0.0002404265037271577
622,10,6153,0.00024034837976168988
623,naira,6138,0.00023976245002068136
624,osun,6116,0.00023890308640053554
625,thisday,6116,0.00023890308640053554
626,governments,6103,0.00023839528062499484
627,lack,6077,0.00023737966907391343
628,labour,6055,0.00023652030545376763
629,appeal,6053,0.00023644218148829982
630,received,6046,0.00023616874760916252
631,parts,6044,0.0002360906236436947
632,yea,6029,0.00023550469390268622
633,question,6003,0.0002344890823516048
634,institution,5989,0.0002339422145933302
635,list,5969,0.00023316097493865219
636,finance,5965,0.00023300472700771657
637,early,5951,0.00023245785924944196
638,sports,5950,0.00023241879726670808
639,necessary,5945,0.00023222348735303856
640,award,5944,0.00023218442537030468
641,electricity,5933,0.00023175474356023176
642,indeed,5920,0.00023124693778469105
643,organisation,5920,0.00023124693778469105
644,attention,5919,0.00023120787580195714
645,himself,5907,0.00023073913200915034
646,communities,5905,0.00023066100804368253
647,strong,5892,0.00023015320226814183
648,themselves,5889,0.00023003601631994014
649,large,5868,0.00022921571468252823
650,continued,5864,0.00022905946675159263
651,managing,5863,0.00022902040476885873
652,behind,5849,0.00022847353701058412
653,side,5848,0.00022843447502785021
654,almost,5841,0.0002281610411487129
655,build,5838,0.00022804385520051122
656,impact,5824,0.0002274969874422366
657,hard,5819,0.00022730167752856712
658,signed,5819,0.00022730167752856712
659,little,5812,0.0002270282436494298
660,allow,5809,0.0002269110577012281
661,crisis,5793,0.00022628606597748568
662,senior,5783,0.00022589544615014668
663,beyond,5780,0.00022577826020194497
664,january,5780,0.00022577826020194497
665,least,5777,0.00022566107425374328
666,achieve,5759,0.00022495795856453308
667,affairs,5755,0.00022480171063359746
668,scheme,5734,0.00022398140899618555
669,operation,5725,0.00022362985115158046
670,tax,5706,0.00022288767347963635
671,spoke,5705,0.00022284861149690245
672,traditional,5704,0.00022280954951416854
673,ca,5703,0.00022277048753143464
674,agriculture,5702,0.00022273142554870074
675,released,5701,0.00022269236356596683
676,daily,5692,0.00022234080572136174
677,needed,5689,0.00022222361977316003
678,looking,5688,0.00022218455779042612
679,along,5686,0.00022210643382495834
680,kind,5686,0.00022210643382495834
681,republic,5671,0.00022152050408394983
682,problems,5669,0.00022144238011848202
683,football,5646,0.00022054395451560232
684,forward,5643,0.0002204267685674006
685,saw,5641,0.00022034864460193282
686,nations,5637,0.0002201923966709972
687,failed,5636,0.0002201533346882633
688,online,5632,0.0002199970867573277
689,killed,5614,0.0002192939710681175
690,remain,5612,0.0002192158471026497
691,personal,5610,0.0002191377231371819
692,violence,5599,0.000218708041327109
693,small,5597,0.00021862991736164118
694,accused,5582,0.00021804398762063267
695,particularly,5564,0.00021734087193142247
696,peoples,5564,0.00021734087193142247
697,involved,5562,0.00021726274796595466
698,cause,5559,0.00021714556201775297
699,happy,5552,0.00021687212813861566
700,investors,5552,0.00021687212813861566
701,operations,5540,0.00021640338434580886
702,standard,5520,0.00021562214469113085
703,rule,5506,0.00021507527693285624
704,getting,5503,0.00021495809098465453
705,generation,5502,0.00021491902900192065
706,arrested,5500,0.00021484090503645284
707,won,5500,0.00021484090503645284
708,implementation,5496,0.00021468465710551722
709,rivers,5479,0.00021402060339904092
710,date,5474,0.00021382529348537143
711,population,5464,0.0002134346736580324
712,video,5445,0.0002126924959860883
713,ahead,5433,0.0002122237521932815
714,pdp,5424,0.0002118721943486764
715,mind,5422,0.0002117940703832086
716,revealed,5421,0.0002117550084004747
717,win,5416,0.0002115596984868052
718,improve,5413,0.0002114425125386035
719,zone,5409,0.0002112862646076679
720,vote,5406,0.00021116907865946619
721,africa,5401,0.0002109737687457967
722,low,5397,0.0002108175208148611
723,energy,5378,0.00021007534314291696
724,decided,5370,0.00020976284728104578
725,anti,5359,0.00020933316547097286
726,respect,5341,0.00020863004978176266
727,game,5330,0.00020820036797168976
728,hold,5323,0.00020792693409255245
729,religious,5315,0.00020761443823068124
730,d,5311,0.00020745819029974565
731,representatives,5302,0.00020710663245514054
732,approved,5296,0.00020687226055873714
733,prof,5294,0.00020679413659326933
734,poverty,5290,0.00020663788866233374
735,although,5285,0.0002064425787486642
736,safety,5281,0.00020628633081772862
737,crude,5279,0.0002062082068522608
738,professor,5270,0.00020585664900765573
739,insurance,5263,0.00020558321512851842
740,class,5253,0.0002051925953011794
741,conduct,5251,0.00020511447133571162
742,ready,5235,0.0002044894796119692
743,actually,5212,0.0002035910540090895
744,research,5207,0.00020339574409541998
745,investigation,5202,0.00020320043418175048
746,entire,5199,0.0002030832482335488
747,effect,5197,0.00020300512426808099
748,independent,5187,0.00020261450444074197
749,groups,5176,0.00020218482263066907
750,comes,5168,0.00020187232676879786
751,everything,5159,0.00020152076892419277
752,feel,5157,0.00020144264495872496
753,politicians,5154,0.00020132545901052325
754,longer,5152,0.00020124733504505547
755,commitment,5151,0.00020120827306232156
756,review,5129,0.00020034890944217574
757,anambra,5127,0.00020027078547670793
758,brand,5122,0.00020007547556303844
759,trying,5114,0.00019976297970116723
760,required,5109,0.00019956766978749773
761,criminal,5099,0.00019917704996015874
762,demand,5093,0.00019894267806375534
763,responsibility,5090,0.00019882549211555362
764,wanted,5077,0.00019831768634001292
765,effective,5071,0.00019808331444360952
766,book,5069,0.0001980051904781417
767,ask,5066,0.00019788800452994002
768,town,5058,0.0001975755086680688
769,five,5056,0.000197497384702601
770,announced,5055,0.0001974583227198671
771,initiative,5041,0.0001969114549615925
772,governorship,5040,0.0001968723929788586
773,covid,5029,0.00019644271116878569
774,comments,5005,0.00019550522358317208
775,contact,4999,0.00019527085168676868
776,met,4977,0.00019441148806662286
777,giving,4970,0.00019413805418748556
778,difficult,4969,0.00019409899220475165
779,outside,4969,0.00019409899220475165
780,letter,4955,0.00019355212444647707
781,often,4954,0.00019351306246374316
782,either,4945,0.00019316150461913805
783,practice,4944,0.00019312244263640415
784,construction,4940,0.00019296619470546855
785,knowledge,4934,0.00019273182280906515
786,june,4927,0.00019245838892992785
787,serious,4920,0.00019218495505079054
788,hands,4917,0.00019206776910258883
789,affected,4908,0.00019171621125798374
790,roads,4904,0.00019155996332704812
791,customers,4898,0.00019132559143064472
792,armed,4897,0.00019128652944791082
793,critical,4893,0.00019113028151697523
794,girls,4878,0.0001905443517759667
795,deal,4867,0.00019011466996589381
796,understand,4843,0.0001891771823802802
797,authority,4834,0.0001888256245356751
798,issued,4827,0.0001885521906565378
799,committed,4822,0.0001883568807428683
800,mother,4821,0.0001883178187601344
801,record,4816,0.0001881225088464649
802,instead,4815,0.000188083446863731
803,provided,4814,0.00018804438488099709
804,short,4811,0.00018792719893279537
805,upon,4806,0.00018773188901912588
806,recorded,4804,0.00018765376505365807
807,jobs,4803,0.0001876147030709242
808,reported,4801,0.00018753657910545638
809,data,4800,0.00018749751712272248
810,acting,4795,0.00018730220720905298
811,thought,4795,0.00018730220720905298
812,interview,4791,0.00018714595927811736
813,parents,4791,0.00018714595927811736
814,written,4781,0.00018675533945077837
815,four,4754,0.00018570066591696305
816,commercial,4752,0.00018562254195149524
817,farmers,4744,0.00018531004608962406
818,turn,4740,0.00018515379815868844
819,2015,4731,0.00018480224031408335
820,responsible,4722,0.00018445068246947824
821,laws,4721,0.00018441162048674433
822,release,4721,0.00018441162048674433
823,december,4719,0.00018433349652127653
824,instance,4719,0.00018433349652127653
825,cash,4716,0.00018421631057307484
826,husband,4710,0.00018398193867667144
827,journalists,4706,0.00018382569074573582
828,fuel,4704,0.00018374756678026804
829,created,4692,0.0001832788229874612
830,press,4691,0.00018323976100472733
831,corporate,4688,0.00018312257505652562
832,northern,4683,0.00018292726514285612
833,focus,4681,0.0001828491411773883
834,success,4672,0.0001824975833327832
835,ground,4665,0.00018222414945364592
836,gone,4660,0.0001820288395399764
837,amount,4658,0.00018195071557450861
838,stand,4658,0.00018195071557450861
839,presidency,4656,0.0001818725916090408
840,allowed,4652,0.0001817163436781052
841,son,4651,0.0001816772816953713
842,established,4645,0.0001814429097989679
843,content,4642,0.0001813257238507662
844,attack,4641,0.0001812866618680323
845,relationship,4638,0.0001811694759198306
846,march,4637,0.0001811304139370967
847,opposition,4630,0.0001808569800579594
848,arrest,4627,0.00018073979410975768
849,confirmed,4623,0.0001805835461788221
850,facilities,4619,0.00018042729824788647
851,30,4611,0.0001801148023860153
852,sent,4609,0.00018003667842054748
853,ruling,4606,0.00017991949247234576
854,remains,4603,0.00017980230652414408
855,articles,4602,0.00017976324454141017
856,results,4602,0.00017976324454141017
857,material,4596,0.00017952887264500677
858,words,4594,0.00017945074867953896
859,serve,4583,0.00017902106686946607
860,candidates,4577,0.00017878669497306267
861,judge,4574,0.00017866950902486095
862,players,4573,0.00017863044704212705
863,club,4570,0.00017851326109392536
864,first,4565,0.00017831795118025586
865,till,4552,0.00017781014540471516
866,website,4549,0.00017769295945651344
867,produce,4546,0.00017757577350831176
868,effort,4543,0.00017745858756011004
869,works,4534,0.00017710702971550493
870,2,4529,0.00017691171980183543
871,talk,4522,0.00017663828592269813
872,declared,4521,0.00017659922393996422
873,ongoing,4511,0.00017620860411262523
874,follow,4510,0.00017616954212989133
875,property,4504,0.00017593517023348793
876,immediately,4501,0.0001758179842852862
877,thus,4500,0.00017577892230255233
878,died,4498,0.00017570079833708452
879,hours,4493,0.00017550548842341503
880,common,4492,0.00017546642644068112
881,certain,4491,0.00017542736445794722
882,risk,4487,0.00017527111652701163
883,stage,4487,0.00017527111652701163
884,forum,4484,0.00017515393057880991
885,lagos,4484,0.00017515393057880991
886,command,4474,0.0001747633107514709
887,wrong,4471,0.0001746461248032692
888,operators,4462,0.0001742945669586641
889,secto,4459,0.0001741773810104624
890,single,4459,0.0001741773810104624
891,response,4457,0.0001740992570449946
892,newspaper,4456,0.0001740601950622607
893,alone,4450,0.0001738258231658573
894,increased,4435,0.00017323989342484878
895,concern,4431,0.00017308364549391319
896,markets,4431,0.00017308364549391319
897,note,4431,0.00017308364549391319
898,example,4424,0.00017281021161477588
899,reduce,4424,0.00017281021161477588
900,night,4410,0.00017226334385650127
901,plans,4410,0.00017226334385650127
902,department,4409,0.00017222428187376737
903,makes,4405,0.00017206803394283177
904,universities,4400,0.00017187272402916228
905,final,4399,0.00017183366204642837
906,buy,4398,0.00017179460006369447
907,enable,4391,0.00017152116618455716
908,african,4377,0.00017097429842628255
909,running,4376,0.00017093523644354865
910,crime,4365,0.00017050555463347575
911,policies,4361,0.00017034930670254016
912,benefit,4358,0.00017023212075433845
913,apart,4354,0.00017007587282340285
914,plc,4354,0.00017007587282340285
915,opportunities,4351,0.00016995868687520114
916,someone,4348,0.00016984150092699945
917,airport,4347,0.00016980243894426555
918,cup,4342,0.00016960712903059605
919,domestic,4337,0.00016941181911692653
920,born,4331,0.00016917744722052313
921,distribution,4322,0.00016882588937591804
922,claimed,4308,0.00016827902161764343
923,cross,4304,0.0001681227736867078
924,inec,4303,0.0001680837117039739
925,college,4301,0.00016800558773850613
926,student,4296,0.0001678102778248366
927,rest,4291,0.0001676149679111671
928,happened,4283,0.0001673024720492959
929,friends,4282,0.00016726341006656202
930,positive,4271,0.0001668337282564891
931,materials,4270,0.0001667946662737552
932,pm,4268,0.0001667165423082874
933,measures,4258,0.0001663259224809484
934,happen,4243,0.0001657399927399399
935,contract,4241,0.0001656618687744721
936,purpose,4228,0.0001651540629989314
937,successful,4227,0.00016511500101619748
938,addition,4222,0.00016491969110252799
939,foundation,4220,0.00016484156713706018
940,anyone,4208,0.00016437282334425338
941,speaker,4202,0.00016413845144784998
942,condition,4178,0.00016320096386223635
943,incident,4168,0.00016281034403489735
944,agreement,4162,0.00016257597213849395
945,serving,4138,0.00016163848455288032
946,illegal,4134,0.00016148223662194473
947,built,4130,0.00016132598869100914
948,write,4128,0.00016124786472554133
949,personnel,4127,0.00016120880274280743
950,middle,4118,0.0001608572448982023
951,whatever,4115,0.00016074005895000062
952,12,4113,0.00016066193498453282
953,fire,4108,0.00016046662507086332
954,territory,4103,0.00016027131515719382
955,e,4100,0.0001601541292089921
956,sub,4098,0.00016007600524352433
957,agenda,4091,0.00015980257136438702
958,elected,4091,0.00015980257136438702
959,april,4085,0.0001595681994679836
960,growing,4083,0.0001594900755025158
961,network,4083,0.0001594900755025158
962,technical,4081,0.000159411951537048
963,friend,4079,0.0001593338275715802
964,businesses,4068,0.0001589041457615073
965,higher,4068,0.0001589041457615073
966,claim,4058,0.0001585135259341683
967,takes,4053,0.00015831821602049878
968,stay,4052,0.00015827915403776488
969,provision,4051,0.000158240092055031
970,creation,4049,0.0001581619680895632
971,etc,4048,0.00015812290610682929
972,duty,4044,0.0001579666581758937
973,harcourt,4042,0.00015788853421042589
974,strike,4040,0.00015781041024495808
975,defence,4038,0.0001577322862794903
976,ve,4035,0.00015761510033128858
977,accounts,4029,0.00015738072843488518
978,simply,4028,0.00015734166645215127
979,sense,4025,0.0001572244805039496
980,doubt,4016,0.00015687292265934447
981,goal,4016,0.00015687292265934447
982,citizen,4010,0.00015663855076294107
983,speak,4009,0.00015659948878020717
984,season,3996,0.00015609168300466646
985,idea,3993,0.00015597449705646475
986,appointment,3988,0.00015577918714279525
987,disease,3974,0.00015523231938452064
988,july,3973,0.00015519325740178674
989,rice,3973,0.00015519325740178674
990,drive,3967,0.00015495888550538334
991,aviation,3966,0.00015491982352264946
992,choice,3964,0.00015484169955718165
993,immediate,3961,0.00015472451360897994
994,spent,3960,0.00015468545162624603
995,failure,3958,0.00015460732766077825
996,mobile,3953,0.00015441201774710873
997,particular,3950,0.00015429483179890704
998,six,3946,0.00015413858386797145
999,15,3944,0.00015406045990250364
